politifact,https://web.archive.org/web/20171027105356/http://www.religionmind.com:80/2017/10/saudi-arabia-behead-6-school-girls-for.html,https://friendsforsyria.com/2017/11/01/saudi-arabia-to-behead-6-school-girls-for-being-with-their-male-friends-without-parents-or-a-guardian/ https://www.yellowbullet.com/threads/saudi-arabia-to-behead-6-school-girls-for-being-with-their-male-friends.2345522/ https://leadstories.com/hoax-alert/2018/12/fake-news-saudi-arabia-is-about-to-behead-6-school-girls-for-acting-indecently-with-their-male-frien.html https://www.pinterest.co.uk/amp/pin/544935623654376211/
politifact,forums.spacebattles.com/threads/%E2%80%9Cgay-people-should-wear-specially-colored-clothes-to-warn-straight-people%E2%80%9D.362660/,https://newslo.com/pat-robertson-gay-people-should-wear-specially-colored-clothes-to-warn-straight-people/ https://forums.spacebattles.com/threads/%E2%80%9Cgay-people-should-wear-specially-colored-clothes-to-warn-straight-people%E2%80%9D.362660/ https://www.snopes.com/fact-check/pat-robertson-gay-colors/ https://www.democraticunderground.com/113746488
politifact,http://nymag.com/daily/intelligencer/2018/06/fbi-agent-peter-strzok-will-testify-before-congress.html,https://nymag.com/intelligencer/2018/06/fbi-agent-peter-strzok-will-testify-before-congress.html https://www.dailymail.co.uk/news/article-5855087/Trump-calls-Peter-Strzok-sick-loser-worked-totally-discredited-Mueller-team.html
politifact,https://web.archive.org/web/20170217234839/http://liberalplug.com:80/2017/02/11/gop-official-says-america-needs-another-911-shares-_______________-trump,https://www.politifact.com/factchecks/2017/feb/15/liberal-blogger/fake-news-texas-congressman-pecos-wishes-another-9/
politifact,www.newslo.com/kasich-woman-not-intelligent-enough-keep-legs-closed-can-entrust-abortion-decision/,https://newslo.com/kasich-woman-not-intelligent-enough-keep-legs-closed-can-entrust-abortion-decision/
politifact,https://100percentfedup.com/just-wapo-reporter-broke-news-judge-roy-moore-story-criminal-history-faking/,
politifact,https://web.archive.org/web/20170828162320/http://ourlandofthefree.com:80/2017/08/remember-this-lunatic/,
politifact,usanewscentral.com/bill-clintons-hitman-confesses-on-his-deathbed-source-hannity/,
politifact,http://www.trendolizer.com/2017/07/breaking-trump-removes-muslim-federal-judge-for-trying-to-implement-sharia-law-in-america.html,http://www.trendolizer.com/2017/11/trump-removes-muslim-federal-judge-for-trying-to-implement-sharia-law-in-america.html
politifact,https://www.house.gov/content/learn/legislative_process/,http://www.house.gov/the-house-explained/the-legislative-process https://keating.house.gov/policy-work/legislative-process
politifact,http://inshapetoday.com/now-official-fda-announced-vaccines-causing-autism/,
politifact,www.reddit.com/r/conspiracy/comments/7ww8j1/russian_source_behind_trump_dossier_killed_in/,https://www.reddit.com/r/conspiracy/comments/7ww8j1/russian_source_behind_trump_dossier_killed_in/
politifact,https://www.unilad.co.uk/science/nasa-confirms-15-days-of-darkness-coming-this-month/,https://www.unilad.co.uk/science/nasa-confirms-15-days-of-darkness-coming-this-month/ https://www.ladbible.com/news/weird-conspiracists-say-earth-to-be-plunged-into-darkness-as-planets-collide-20171112
politifact,http://www.breakingnews365.net/5a00d7972338f/snapchat-is-shutting-down.html,http://www.breakingnews365.net/5a00d7972338f/snapchat-is-shutting-down.html https://www.politifact.com/factchecks/2017/nov/13/blog-posting/fake-headline-snapchat-shutting-down-should-just-d/
politifact,http://revolutionradio.org/2018/05/07/democrats-go-full-tyranny-now-demand-nationwide-gun-confiscation-from-law-abiding-americans-at-gunpoint-of-course/,https://foac-pac.org/Democrats-Go-Full-Tyranny:-Now-Demand-Nationwide-Gun-Confiscation-From-Law-abiding-Americans-At-Gunpoint-Of-Course/News-Item/8080 https://www.politifact.com/factchecks/2018/may/10/revolution-radio/california-lawmaker-called-assault-weapons-ban-not/ https://www.naturalnews.com/2018-05-07-democrats-demand-nationwide-gun-confiscation-from-law-abiding-americans-at-gunpoint-of-course.html
politifact,https://zimbabwe-today.com/breaking-fbi-issues-warrant-obamas-arrest-confirming-illegal-trump-tower-wiretap/,https://www.politifact.com/factchecks/2017/mar/13/blog-posting/it-trap-story-fbi-issued-warrant-obama-trump-wiret/ https://www.snopes.com/fact-check/fbi-arrest-warrant-obama/
politifact,http://londonwebnews.com/2017/06/01/liberal-women-hate-me-because-of-my-striking-beauty-and-intellect-says-kellyanne-conway/,http://londonwebnews.com/2017/06/01/liberal-women-hate-me-because-of-my-striking-beauty-and-intellect-says-kellyanne-conway/ https://www.snopes.com/fact-check/kellyanne-conway-beauty-intellect/ https://www.factcheck.org/2017/06/bogus-kellyanne-conway-quote/
politifact,https://www.independent.co.uk/arts-entertainment/music/news/donald-trump-inauguration-ceremony-artists-performing-elton-john-legend-celine-dion-a7492991.html,https://www.independent.co.uk/arts-entertainment/music/news/donald-trump-inauguration-ceremony-artists-performing-elton-john-legend-celine-dion-a7492991.html
politifact,http://newsuptoday.com/bombshell-internet-sleuths-just-found-smoking-gun-dems-planning-violence-charlottesville/,
politifact,http://empirenews.net/obama-orders-life-sized-bronze-statute-of-himself-to-be-permanently-installed-in-white-house/,https://empirenews.net/obama-orders-life-sized-bronze-statute-of-himself-to-be-permanently-installed-in-white-house/ https://www.snopes.com/fact-check/obama-white-house-statue/ http://libertyunyielding.com/2017/01/19/obama-commissions-bronze-statue-placed-permanently-wh-entrance/
politifact,www.theguardian.com/us-news/2017/aug/12/virginia-unite-the-right-rally-protest-violence,https://www.theguardian.com/us-news/2017/aug/12/virginia-unite-the-right-rally-protest-violence https://postcourier.com.pg/man-charged-murder-car-rams-anti-far-right-protesters-charlottesville/
politifact,https://web.archive.org/web/20161213021214/http://usasnich.com:80/breaking-putin-interference-could-give-courts-legal-right-to-make-hillary-president/,
politifact,https://web.archive.org/web/20171228111229/http://defense-usa.xyz/2017/12/15/boom-roy-moore-takes-the-military-vote-pulls-ahead-by-5k-votes/,
politifact,politicass.com/fox-news-sandra-smith-everybody-see-united-airlines-passengers-behavior-not-genuine-american/,https://newslo.com/fox-news-sandra-smith-everybody-see-united-airlines-passengers-behavior-not-genuine-american/
politifact,http://www.breakingnews247.net/59b9b0078dc69/carnival-cruise-lines-will-now-offer-free-cruises.html,http://www.breakingnews247.net/59b9b0078dc69/carnival-cruise-lines-will-now-offer-free-cruises.html
politifact,www.newsweek.com/donna-brazile-book-seth-rich-dnc-murder-conspiracy-702838,http://tmp.americanthinker.com/articles/2017/11/does_donna_brazile_know_who_killed_seth_rich.html https://americanlookout.com/very-strange-donna-brazile-dedicated-her-new-book-to-patriot-seth-rich/ http://cafe.comebackalive.com/viewtopic.php?f=8&t=62538&start=180
politifact,http://www.breakingnews365.net/59c36cdd7b326/washington-state-legislature-votes-to-change-its-name-because-george-washington-owned-slaves.html,http://www.breakingnews365.net/59c36cdd7b326/washington-state-legislature-votes-to-change-its-name-because-george-washington-owned-slaves.html
politifact,http://politicot.com/paul-ryan-22-million-americans-choose-poor-problem-cant-afford-healthy/,https://newslo.com/paul-ryan-22-million-americans-choose-poor-problem-cant-afford-healthy/ https://www.factcheck.org/2017/07/fake-paul-ryan-quote/
politifact,https://web.archive.org/web/20170731052757/http://politicspaper.com:80/breaking/breaking-hillary-clinton-third-heart-attack-docs-says-wont-survive/,
politifact,jis.gov.jm/president-trump-underscores-us-jamaica-relations/,https://jis.gov.jm/president-trump-underscores-us-jamaica-relations/
politifact,http://www.react365.com/59c3d4c2e4a9d/twelve-more-hurricanes-headed-towards-us.html,http://www.react365.com/59c3d4c2e4a9d/twelve-more-hurricanes-headed-towards-us.html
politifact,https://web.archive.org/web/20170301092001/http://amposts.com/starbucks-just-placed-trumps-photo-floor-every-customer-step/,
politifact,https://www.libertyheadlines.com/seattle-police-begin-gun-confiscations-no-laws-broken-no-warrant-no-charges/,https://www.statedepartmentwatch.org/2018/03/07/seattle-police-begin-gun-confiscations-no-laws-broken-no-warrant-no-charges/ https://www.zerohedge.com/news/2018-03-06/seattle-police-begin-gun-confiscations-no-laws-broken-no-warrant-no-charges https://davidharrisjr.com/rich/tyranny-seattle-man-broke-no-laws-guns-confiscated/ https://www.snopes.com/fact-check/seattle-police-confiscate-mans-guns-without-warrant/
politifact,https://yournewswire.com/senate-report-clinton-children-human/,https://neonnettle.com/news/4344-senate-report-exposes-hillary-clinton-for-gifting-children-to-child-traffickers https://envirowatchrangitikei.wordpress.com/2018/06/22/senate-report-admits-clinton-gifted-children-to-human-traffickers/amp/
politifact,https://www.inverse.com/article/21717-leonardo-dicaprio-barack-obama-elon-musk-mars-trio-sxsl,https://www.inverse.com/article/21717-leonardo-dicaprio-barack-obama-elon-musk-mars-trio-sxsl https://www.businessinsider.com/leonardo-dicaprio-elon-musk-mars-trip-2016-10 https://www.businessinsider.in/Leonardo-DiCaprio-says-hes-signed-up-for-Elon-Musks-trip-to-Mars/articleshow/54678862.cms
politifact,https://nowtrump.com/2018/03/breaking-supreme-court-sides-with-trump-this-changes-everything/,https://www.snopes.com/fact-check/sharia-law-trump-schools-supreme-court/ https://www.nairaland.com/3737266/breaking-us-supreme-court-sides
politifact,http://www.neonnettle.com/features/1306-twitter-caught-leaking-donald-trump-s-private-messages-in-undercover-sting,https://neonnettle.com/features/1306-twitter-caught-leaking-donald-trump-s-private-messages-in-undercover-sting
politifact,https://www.usnews.com/news/articles/2006/11/07/10-things-you-didnt-know-about-nancy-pelosi,https://www.usnews.com/news/articles/2006/11/07/10-things-you-didnt-know-about-nancy-pelosi
politifact,https://halfwaypost.com/2017/07/06/white-house-chef-quits-because-trump-has-only-eaten-fast-food-for-6-months/,https://halfwaypost.com/2017/07/06/white-house-chef-quits-because-trump-has-only-eaten-fast-food-for-6-months/
politifact,https://web.archive.org/web/20161226221619/http://newsdaily12.com:80/rochester-new-hampshire/bill-murray-had-this-to-say-about-rochester-new-hampshire-residents,https://www.fosters.com/news/20170106/fake-news-story-says-bill-murray-came-to-rochester
politifact,ghanaweb.website/2017/01/30/donald-trump-signs-a-visa-free-travel-policy-for-ghana/,https://www.nairaland.com/3655178/donald-trump-signs-visa-free-travel https://www.snopes.com/fact-check/trump-visa-free-travel-policy/ https://ethiomedia.com/1000bits/trump-did-not-sign-visa-free-travel-for-other-countries.html https://www.antoinespeaks.co.uk/donald-trump-did-not-sign-a-visa-free-travel-executive-order-for-jamaica-any-other-country-factcheckednews/antoinespeaks/
politifact,what-you-missed.com/floyd-mayweather-jr-donates-a-whopping-sum-of-money-to-houston-after-hurricane/,
politifact,http://wkrg.com/2017/11/14/curious-robocall-seeks-damaging-information-on-moore/,https://www.wishtv.com/news/listen-curious-robocall-seeks-damaging-information-on-roy-moore/ https://www.politifact.com/factchecks/2017/nov/15/anonymous-caller/no-washington-post-did-not-offer-7000-roy-moore-di/
politifact,https://web.archive.org/web/20171220015138/http://www.usadailyportal.com:80/2017/12/14/julia-roberts-claims-michelle-obama-isnt-fit-clean-melanias-toilet,
politifact,usleader.net/index.php/2017/05/11/breaking-bill-oreilly-critical-condition-attacked-tolerant-liberals/,https://www.snopes.com/fact-check/bill-oreilly-beaten/
politifact,https://web.archive.org/web/20171101100601/http://www.snapusanews.com:80/morgan-freeman-jailing-hillary-best-way-to-restore-public-faith-in-govt/,https://therepublicpost.wordpress.com/2018/02/02/morgan-freeman-jailing-hillary-best-way-to-restore-public-faith-in-govt/ https://beb.mobi/2018/06/29/spygate-chapter-thirty-three/ https://www.snopes.com/fact-check/morgan-freeman-jailing-hillary-restore-faith/ https://www.thatsnonsense.com/fact-check-morgan-freeman-claim-jailing-hillary-restore-public-faith-government/ https://www.gunandgame.com/threads/morgan-freeman.189236/ https://thepoliticsforums.com/threads/91544-Morgan-Freeman-%E2%80%98Jailing-Hillary%E2%80%99-Best-Way-To-%E2%80%98Restore-Public-Faith-In-Govt%E2%80%99/page2 https://www.politifact.com/factchecks/2017/nov/01/blog-posting/fake-news-morgan-freeman-did-not-say-he-wanted-hil/
politifact,http://www.thelifebuzz.com/nasa-announced-that-it-communicated-with-four-races-of-aliens/2/,
politifact,http://www.blingnews.com/this-is-amazing-in-1984-the-new-york-times-said-trump-would-be-our-best-presidentthey-forgot/,https://100percentfedup.com/this-is-amazing-in-1984-the-new-york-times-said-trump-would-be-our-best-president-they-forgot/
politifact,actionnetwork.org/petitions/urgent-new-law-would-charge-protesters-with-terrorism/,https://actionnetwork.org/petitions/urgent-new-law-would-charge-protesters-with-terrorism/
politifact,https://web.archive.org/web/20161122152424/http://uspoln.com:80/2016/11/14/stephen-bannon-nobody-can-blame-beating-wife-love,https://newslo.com/stephen-bannon-nobody-can-blame-beating-wife-love/ https://www.snopes.com/fact-check/stephen-bannon-nobody-can-blame-you/
politifact,www.ajeteys.com/ill-make-sure-jailed-donald-trump-tells-ghanas-prez-mahama/,
politifact,http://jumboreport.com/hillary-clinton-furious-at-special-gift-melania-trump-sent-her-from-her-hospital-bed/,
politifact,http://rip.trendolizer.com/2017/04/breaking-conservative-icon-ted-nugent-killed-in-hunting-accident-1.html,
politifact,http://nrtonline.info/breaking-nancy-pelosi-to-resign-after-new-revelations/,http://elgibborsms.com/blog/nancy-pelosi-resigning-after-new-revelations-about-unwanted-advances-is-fake-news/
politifact,http://politicot.com/mike-pence-allowing-rape-victims-abortions-will-lead-women-trying-get-raped/,http://freyreh.tumblr.com/post/147726011950/mike-pence-allowing-rape-victims-to-have https://www.snopes.com/fact-check/mike-pence-allowing-rape-victims-to-have-abortions-will-lead-to-women-trying-to-get-raped/ https://www.factcheck.org/2017/09/fake-mike-pence-abortion-quote/
politifact,http://yournewswire.com/melania-trump-isis-barron-obama/,
politifact,www.trendolizer.com/2016/12/breaking-florida-moves-for-full-recount-of-state-over-massive-voter-fraud-details.html,
politifact,https://dailyworldupdate.us/2018/05/01/breaking-hillary-clinton-killed-in-monster-truck-mishap/,https://bizatomic.net/biz-tips-hillary-clinton-killed-in-monster-truck-mishap-at-chappaqua-motor-speedway-is-fake-news/ http://trendstreamer.com/articlehoax-alert/2018/05/fake-news-breaking-hillary-clinton-killed-in-monster-truck-mishap.html
politifact,https://miamipost.co/2018/05/06/breaking-3-liberal-celebrities-arrested-for-conspiracy-to-assassinate-president-trump/,
politifact,https://web.archive.org/web/20170625021133/http://freedomcrossroads.us:80/james-comey-affair-revealed,https://www.politifact.com/factchecks/2017/jul/10/freedomcrossroadsus/its-fake-news-james-comey-and-debbie-wasserman-sch/
politifact,gunrights.trendolizer.com/2017/10/jason-aldean-gig-canceled-after-he-sells-out-to-liberals-on-snl---breaking.html,http://gunrights.trendolizer.com/2017/10/jason-aldean-gig-canceled-after-he-sells-out-to-liberals-on-snl---breaking.html
politifact,www.higherperspectives.com/powerful-note-1645303283.html,https://lifeinsider.me/keanu-reeves-shook-the-world-with-another-powerful-message/ https://www.truthinsideofyou.org/keanu-reeves-shook-the-world-with-another-powerful-message/ http://www.thinkinghumanity.com/2016/07/keanu-reeves-shook-the-world-with-another-powerful-message.html
politifact,http://www2.alabamavotes.gov/electionNight/statewideResultsByContest.aspx?ecode=1000915,
politifact,http://www.americatb.com/2018/03/29/breaking-trump-just-ended-welfare-for-one-huge-group-for-5-years-let-the-riots-erupt/,https://www.newsbreak.com/news/0BWreoFj/donald-trump-just-ended-welfare-for-immigrants-thats-false https://www.politifact.com/factchecks/2018/mar/30/blog-posting/donald-trump-just-ended-welfare-immigrants-s-false/
politifact,http://nrtonline.info/breaking-british-intelligence-seizes-clinton-foundation-warehouse-400-million-in-cash/,https://www.politifact.com/factchecks/2018/apr/20/blog-posting/no-british-intelligence-didnt-sieze-400-billion-cl/
politifact,http://bitcoingrower.life/2018/04/15/apply-now-and-win-the-canada-diversity-immigration-visa-lottery-dv-2019-program-live-and-work-in-canada-insurance-loan-mortgage-tax-laws-mesothelioma/,
politifact,http://www.politifact.com/punditfact/statements/2018/jan/04/flash-24-daily/no-sandra-bullock-didnt-disparage-hillary-clinton/,https://www.politifact.com/factchecks/2018/jan/04/flash-24-daily/no-sandra-bullock-didnt-disparage-hillary-clinton/
politifact,https://www.nbcnews.com/storyline/charleston-church-shooting/charleston-shooter-dylann-roof-moved-death-row-terre-haute-federal-n749671,https://www.nbcnews.com/storyline/charleston-church-shooting/charleston-shooter-dylann-roof-moved-death-row-terre-haute-federal-n749671 https://www.nbcnews.com/news/us-news/charleston-church-shooter-dylann-roof-staged-death-row-hunger-strike-n1143291
politifact,https://www.truthexam.com/2017/11/new-jersey-police-chief-says-black-people-no-value-executed/,
politifact,www.usatoday.com/story/gameon/2012/11/12/lance-armstrong-yellow-jerseys-picture/1699693/,https://www.usatoday.com/story/gameon/2012/11/12/lance-armstrong-yellow-jerseys-picture/1699693/
politifact,http://flashnewss.club/trumps-dhs-secretary-confirms-they-are-preparing-to-arrest-sanctuary-city-leaders/,
politifact,https://notallowedto.com/great-white-shark-in-great-lakes/,https://worldnewsdailyreport.com/fisherman-captures-3000-pound-great-white-shark-in-great-lakes/
politifact,http://www.thegatewaypundit.com/2017/12/called-gloria-allred-accuser-admits-tampered-roy-moores-yearbook-signature-video/,https://www.thegatewaypundit.com/2017/12/called-gloria-allred-accuser-admits-tampered-roy-moores-yearbook-signature-video/ https://www.mediacircus.com/2017/12/we-called-it-gloria-allred-accuser-admits-she-tampered-with-roy-moores-yearbook-signature-video/ https://www.politifact.com/factchecks/2017/dec/08/blog-posting/no-roy-moore-accuser-didnt-tamper-or-forge-yearboo/ https://www.al.com/news/2017/12/fact_check_no_roy_moore_accuse.html https://www.armwoodopinion.com/2017/12/no-roy-moore-accuser-didnt-admit-she.html?m=1
politifact,https://proconservativenews.com/shaquille-oneal-says-trump-is-possibly-the-best-president-of-the-president-of-all-times-ever-he-is-not-afraid-to/,
politifact,https://web.archive.org/web/20180125013854/http://www.thepatriotreport.net/82-year-old-who-killed-a-muslim-in-self-defense-gets-the-death-penalty/,https://leadstories.com/hoax-alert/2017/12/fake-news-82-year-old-did-not-kill-a-muslim-in-self-defense-did-not-get-the-death-penalty.html https://www.snopes.com/fact-check/muslim-self-defense/
politifact,http://www.trendolizer.com/2017/10/actress-jennifer-aniston-me-and-all-the-trump-supporter-celebrities-decide-to-make-a-company-named-c.html,
politifact,https://www.apnews.com/2cce92805c2749c297d0bbc5e16e0287,https://apnews.com/2cce92805c2749c297d0bbc5e16e0287 https://www.youtube.com/watch?v=sFF5n4bH3Mk
politifact,http://babylonbee.com/news/isis-lays-arms-katy-perrys-impassioned-plea-like-just-co-exist/,https://babylonbee.com/news/isis-lays-arms-katy-perrys-impassioned-plea-like-just-co-exist https://csnbbs.com/printthread.php?tid=818582 https://harpazo.proboards.com/thread/43542/isis-lays-after-perry-impassioned?page=1 https://www.ar15.com/forums/general/ISIS-Lays-Down-Arms-After-Katy-Perry-s-Impassioned-Plea-To--Like--Just-Co-Exist-/5-1997149/?news=add
politifact,https://web.archive.org/web/20170625173855/http://dailyusaupdate.com/scott-baio-beloved-face-conservatism-dies-small-plane-crash-way-visit-trump/,
politifact,https://web.archive.org/web/20180414054648/http://onlypolitics.info:80/breaking-malia-obama-suspended-after-racist-anti-white-attack-goes-viral,https://ayupp.com/social-viral/malia-obama-suspended-after-racist-anti-white-attack-15232.html
politifact,http://disaster.trendolizer.com/2017/08/breaking-news-prince-william-and-harry-donates-100-million-to-hurricane-harvey-victims.html,http://disaster.trendolizer.com/2017/08/breaking-news-prince-william-and-harry-donates-100-million-to-hurricane-harvey-victims.html
politifact,https://www.ecfr.gov/cgi-bin/text-idx?gp=&SID=b5df8668c5d53fb99d5c5fd1e20c0ab0&mc=true&tpl=/ecfrbrowse/Title05/5tab_02.tpl,
politifact,https://www.duffelblog.com/2017/10/bowe-bergdahl-wanders-off-court-martial/,https://www.duffelblog.com/2017/10/bowe-bergdahl-wanders-off-court-martial/ https://www.politifact.com/factchecks/2017/nov/16/duffel-blog/no-bowe-bergdahl-didnt-wander-during-court/
politifact,http://realnewsrightnow.com/2016/04/trump-on-revamping-the-military-were-bringing-back-the-draft/,http://realnewsrightnow.com/2016/04/trump-on-revamping-the-military-were-bringing-back-the-draft/ https://www.snopes.com/fact-check/trump-bringing-back-draft/
politifact,http://viraldevil.com/police-find-19-white-female-bodies-in-freezers-with-black-lives-matter-carved-into-skin/,
politifact,http://www.newscats.org/?p=11110,
politifact,https://web.archive.org/web/20170307175331/http://undergroundnewsreport.com/the-truth/whoopi-goldberg-navy-seal-widow-looking-attention/,
politifact,http://thehill.com/homenews/senate/369928-who-is-affected-by-the-government-shutdown,
politifact,www.haaretz.com/us-news/how-donald-trump-lost-the-war-on-christmas-1.5629520,https://www.haaretz.com/us-news/how-donald-trump-lost-the-war-on-christmas-1.5629520
politifact,observeronline.news/sarah-palin-coma-hit-run/,https://www.snopes.com/fact-check/sarah-palin-coma-accident/ https://leadstories.com/hoax-alert/2017/04/fake-news-sarah-palin-not-in-a-coma-after-hit-and-run.html
politifact,http://conservative7.com/2017/10/10/breaking-black-hockey-player-fired-raising-fist-national-anthem/,
politifact,https://web.archive.org/web/20160806033734/http://associatedmediacoverage.com/motorcycle-owners-required-install-75-mph-governor-january-2017/,https://www.victoryforums.com/threads/governors-on-2017-bike.171385/ https://www.snopes.com/fact-check/motorcycle-governors-january-2017/ http://www.clutchandchrome.com/articles/793-did-you-hear-about-speed-governors-on-motorcycles-608034
politifact,http://www.breitbart.com/big-government/2018/02/07/food-stamp-enrollment-drops-4-million-one-month/,https://www.breitbart.com/politics/2018/02/07/food-stamp-enrollment-drops-4-million-one-month/
politifact,http://wesupportdonaldtrump.com/mexico-next-president-invasion-1-a/,
politifact,https://quickening-spirit.com/fareed-zakaria-calls-for-jihad-rape-of-white-women/,https://www.snopes.com/fact-check/fareed-zakaria-jihad/ https://www.change.org/p/cnn-washington-post-get-fareed-zakaria-cnn-host-of-foreign-affairs-off-the-air https://www.corvetteforum.com/forums/politics-religion-and-controversy/3774747-cnn-host-fareed-zakaria-calls-for-jihad-rape-of-white-women.html https://www.tapatalk.com/groups/thetreadmill/cnn-host-fareed-zakaria-calls-for-jihad-rape-of-wh-t9197.html https://www.yellowbullet.com/threads/cnn-foreign-affairs-host-fareed-zakaria-calls-for-jihad-rape-of-white-women.1654474/ https://www.rcgroups.com/forums/showthread.php?2722381-CRIME-CNN-host-Fareed-Zakaria-calls-for-jihad-rape-of-white-women https://investorshub.advfn.com/boards/read_msg.aspx?message_id=119719099
politifact,http://www.neonnettle.com/news/4514-british-politician-beaten-by-protestors-for-welcoming-trump-to-the-uk-,
politifact,https://web.archive.org/web/20180117041602/http://theuspoliticalnews.com:80/haiti-official-getting-ready-to-testify-against-clinton-foundation-corruption-next-week-found-dead-with-gunshot-to-the-head/,http://thenewstalkers.com/community/discussion/32618/haiti-official-who-exposed-the-clinton-foundation-found-dead-in-miami https://www.snopes.com/fact-check/klaus-eberwein/
politifact,https://web.archive.org/web/20170214153057/http://uspoln.com:80/2017/02/07/john-hagee-god-made-lesbians-flat-identified-normal-people-easily-2,https://newslo.com/gods-name-during-intercourse/ https://newslo.com/pastor-john-hagee-calls-prosecuting-women-say-gods-name-intercourse/ http://ronsnews.blogspot.com/2017/06/john-hagee-calls-for-prosecuting-women.html http://www.whale.to/c/john_hagee_calls.html https://thesheet.ng/chai-american-televangelist-john-hagee-calls-for-prosecuting-women-who-call-gods-name-during-sex/ https://www.snopes.com/fact-check/lords-name-in-bed/ https://debrapedrow.com/2015/06/22/1991/
politifact,http://theseattletribune.com/trumps-unsecured-android-device-believed-to-be-source-of-recent-white-house-leaks/,
politifact,http://www.foxnews.com/us/2018/03/16/ohio-student-suspended-for-staying-in-class-during-walkouts.html,https://www.foxnews.com/us/ohio-student-suspended-for-staying-in-class-during-national-walkout-day https://www.lawenforcementtoday.com/ohio-high-school-student-suspended-class-national-walkout-day/
politifact,mightynest.com/learn/research-by-concern/dangers-of-triclosan,
politifact,http://conservative-headlines.com/2015/03/south-african-firm-ordered-to-lay-off-3389-white-employees/,http://conservative-headlines.com/2015/03/south-african-firm-ordered-to-lay-off-3389-white-employees/ http://augustforum.com/printthread.php?tid=1193 https://csnbbs.com/thread-730109.html http://augustforum.com/showthread.php?tid=1193
politifact,http://mysteriousearth.club/2018/04/08/cia-release-documents-of-moon-moon-has-more-than-250-million-citizens/,
politifact,http://www.neon-nettle.com/news/2854-las-vegas-shooting-witnesses-report-multiple-gunmen-dressed-as-security-guards,
politifact,www.breakingnews247.net/59bc13819a723/world-s-most-popular-candy-to-be-removed-from-shelves-by-october-2017.html,http://www.breakingnews247.net/59bc13819a723/world-s-most-popular-candy-to-be-removed-from-shelves-by-october-2017.html https://www.boxingscene.com/forums/showthread.php?t=760188 https://our.news/2018/10/18/worlds-most-popular-candy-to-be-removed-from-shelves-by-october-2017/?ffi=1 https://q985online.com/are-reeses-peanut-butter-cups-going-away/ https://www.snopes.com/fact-check/reeses-peanut-butter-cups/ https://www.wxyz.com/news/no-reeses-peanut-butter-cups-are-not-going-away-next-month https://www.thedenverchannel.com/news/national/no-reese-s-peanut-butter-cups-are-not-going-away-next-month https://www.ydr.com/story/news/2017/09/27/no-your-reeses-peanut-butter-cups-arent-going-anywhere-company-says/704426001/
politifact,https://usawatchdog.com/clinton-foundation-largest-unprosecuted-charity-fraud-in-history-charles-ortel/,
politifact,https://web.archive.org/web/20170528095037/http://uspoln.com:80/2017/05/23/rubio-rape-victims-custody-suspicion-theyre-planning-abortion/,https://newslo.com/rubio-rape-victims-should-be-in-custody-if-there-is-suspicion-that-theyre-planning-abortion/ http://msmenna.tumblr.com/post/133039025637/rubio-rape-victims-should-be-in-custody-if-there https://www.snopes.com/fact-check/marco-rubio-rape-victims/
politifact,asnowrose.wordpress.com/2016/12/20/breaking-crew-of-air-force-one-refuses-to-fly-obama-6000-miles-just-to-play-golf-buzzfeedusa/,
politifact,http://ladylibertysnews.com/muslims-offended-kids-recite-national-anthem-claim-racist-force/,
politifact,http://www.projectrepublictoday.com/2018/03/28/emma-gonzalez-bullied-school-shooter-isnt-sorry-then-retweets-message-blaming-white-boys-entitlement-as-cause-of-all-school-shootings/,
politifact,https://web.archive.org/web/20180605205653/https://thefederalistpapers.org/us/new-law-illegal-to-shower-and-do-laundry-on-same-day,https://www.kusi.com/a-new-california-law-will-make-it-illegal-to-shower-and-do-laundry-on-the-same-day/ https://www.zerohedge.com/news/2018-06-03/its-now-against-law-california-shower-and-do-laundry-same-day
politifact,http://alternativemediasyndicate.com/2017/04/07/evangelical-leader-says-oppose-trump-punished-gay-child-2/,
politifact,https://www.tdtalliance.com/jefferson-davis-statue-replaced-obama-likeness/,https://www.snopes.com/fact-check/jefferson-davis-statue-barack-obama/
politifact,https://diamondandsilk.americandailynews.org/2018/07/02/iranian-official-drops-bombshell-obama-secretly-gave-citizenship-to-2500-iranians-as-part-of-nuke-deal/,https://www.diamondandsilk.com/blog/2018/07/02/iranian-official-drops-bombshell-obama-secretly-gave-citizenship-to-2500-iranians-as-part-of-nuke-deal/ https://www.nairaland.com/4598782/iranian-official-drops-bombshell-obama https://wethepeopledaily.com/2020/01/11/iranian-lawmaker-leaks-obamas-biggest-secret/
politifact,https://web.archive.org/web/20180125013321/http://www.thepatriotreport.net/mueller-will-be-forced-to-resign-over-pelosi-affair/,https://www.snopes.com/fact-check/mueller-resign-affair/
politifact,https://web.archive.org/web/20180118003203/https://threpublican.com/first-indictment-issued-in-russian-bribery-case-tied-to-obama-era-uranium-one-deal/,https://newspunch.com/indictment-hillary-clinton-uranium/
politifact,http://www.newsfeedusa.us/2018/04/obamas-private-security-company-sets-up.html,
politifact,https://web.archive.org/web/20170315011720/http://thelastlineofdefense.org/breaking-president-trump-just-told-paul-ryan-youre-fired/,
politifact,https://www.cnn.com/2018/04/18/europe/queen-last-corgi-dead-intl/index.html,https://edition.cnn.com/2018/04/18/europe/queen-last-corgi-dead-intl/index.html https://www.newsbreak.com/news/0BkeqiNW/last-in-queen-elizabeth-iis-line-of-corgis-dies-says-british-press
politifact,https://web.archive.org/web/20170506030914/http://states-tv.com:80/trump-warns-russia-over-jehovahs-witnesses-ban-and-urges-members-to-seek-asylum-in-the-us,https://www.nairaland.com/3760586/see-what-donald-trump-said
politifact,http://forfreedomworld.com/2017/08/20/breaking-rosa-parks-daughter-praises-trumps-response-to-charlottesville/,
politifact,https://www.politico.com/story/2018/01/17/full-text-jeff-flake-on-trump-speech-transcript-343246,https://www.politico.com/story/2018/01/17/full-text-jeff-flake-on-trump-speech-transcript-343246
politifact,https://boingboing.net/2018/04/09/fox-news-accidentally-puts-up.html,https://boingboing.net/2018/04/09/fox-news-accidentally-puts-up.html https://www.politifact.com/factchecks/2018/apr/13/blog-posting/No-Fox-News-did-not-put-up-graphic-showing-it-was/
politifact,http://www.someonesbones.com/blog/delta-force-raids-obama-stronghold-in-thailand/,http://www.goldismoney2.com/threads/delta-force-raids-obama-stronghold-in-thailand.168407/ https://maspranews.blogspot.com/2019/11/delta-force-raids-obamas-estate-in.html https://www.snopes.com/fact-check/delta-force-raids-obama-stronghold-thailand/ http://elgibborsms.com/blog/delta-force-operators-raid-a-barack-obama-stronghold-in-thailand-on-christmas-is-false/
politifact,http://www.theverge.com/2016/11/25/13748226/cnn-accidentally-airs-porn-fake-news-boston,https://www.theverge.com/2016/11/25/13748226/cnn-accidentally-airs-porn-fake-news-boston https://ebookporn.tumblr.com/post/153686485923/the-cnn-porn-scare-is-how-fake-news-spreads http://therealpornwikileaks.com/parts-unknown-cnn-porn-scare-fake-news-spreads/ https://www.tematicaresearch.com/amid-reports-of-porn-aired-on-cnn-last-night-will-fake-news-drive-traffic-back-to-real-news/
politifact,www.mirror.co.uk/news/us-news/there-blood-everywhere-terrified-students-12029466,https://www.mirror.co.uk/news/us-news/there-blood-everywhere-terrified-students-12029466 https://www.irishmirror.ie/news/world-news/hero-teacher-hid-19-students-12029824
politifact,http://www.occupydemocrats.com/virginia-republican-wants-schools-to-check-childrens-genitals-before-using-bathroom/,https://occupydemocrats.com/2016/01/12/virginia-republican-wants-schools-to-check-childrens-genitals-before-using-bathroom/ https://www.rawstory.com/2016/01/virginia-gop-bill-would-require-schools-to-verify-childrens-genitals-before-using-restroom/ https://www.alternet.org/news-amp-politics/virginia-gop-bill-would-require-schools-verify-childrens-genitals-using-restroom https://www.patheos.com/blogs/progressivesecularhumanist/2016/01/virginia-gop-wants-to-inspect-childrens-genitals-for-proof-of-gender/ https://newslo.com/virginia-schools-to-implement-x-ray-scanners-to-check-the-genitals-of-student-bathroom-users/
politifact,http://www.foxnews.com/politics/2018/03/12/ice-removal-key-goal-democrats-in-2020-election.html,https://www.foxnews.com/politics/ice-removal-key-goal-of-democrats-in-2020-election
politifact,https://portalstate.com/index.php/2017/05/08/obama-canceled-it-trump-reinstated-it-a-very-sacred-day-is-back/,https://www.factcheck.org/2017/06/obama-didnt-scrap-officers-memorial-day/
politifact,www.usatoday.com/story/news/nation-now/2015/04/28/bumble-bee-foods-tuna-worker-cooked/26517161/,https://www.usatoday.com/story/news/nation-now/2015/04/28/bumble-bee-foods-tuna-worker-cooked/26517161/ https://nypost.com/2015/04/28/tuna-company-in-hot-water-after-worker-is-cooked-alive-in-6-tons-of-fish/ https://newspunch.com/man-cooked-to-death-in-oven-with-tuna-at-bumble-bee-foods-factory/ http://news4ktla.com/massive-tuna-recall/ https://www.theguardian.com/us-news/2015/aug/12/bumble-bee-foods-settlement-man-cooked-death-tuna http://www.digitaljournal.com/news/world/tuna-company-2-managers-charged-in-death-of-man-cooked-with-tuna/article/432000
politifact,http://nypost.com/2017/10/02/wife-of-las-vegas-massacre-victim-he-saved-my-life-and-lost-his/?utm_campaign=SocialFlow&utm_source=NYPFacebook&utm_medium=SocialFlow&sr_share=facebook,https://nypost.com/2017/10/02/wife-of-las-vegas-massacre-victim-he-saved-my-life-and-lost-his/
politifact,http://www.worldfactsftw.com/nasa-will-pay-you/,https://lifeboat.com/blog/2018/07/nasa-will-pay-you-100000-to-stay-in-bed-for-60-days https://steemit.com/sleep/@virginiaadams/nasa-wants-to-pay-you-usd100-000-to-stay-in-bed-for-two-months
politifact,http://flashnewss.club/breaking-shep-smith-to-be-canned-because-he-cant-control-his-hate-for-donald-trump/,
politifact,http://blogs.trendolizer.com/2015/01/new-york-man-wanted-for-infecting-240-men-and-women-with-hiv.html,
politifact,https://yournewswire.com/lisa-page-squeals-dnc-server-not-hacked-russia/,https://newspunch.com/lisa-page-squeals-dnc-server-not-hacked-russia/ https://www.glocktalk.com/posts/25644646/
politifact,http://dailyfeed.news/san-juan-city-council-votes-unanimously-to-impeach-trump-hating-mayor/,
politifact,http://yournewswire.com/youngest-leader-george-soros/,http://brownpelicanla.com/youngest-world-leader-bans-george-soross-foundations-from-austria/ https://www.ar15.com/forums/t_1_5/2044913_Youngest-World-Leader-Bans-George-Soros-Foundations-from-Austria.html https://amredeemed.com/end-times-headlines/war-new-world-order-youngest-world-leader-bans-george-soross-foundations-austria/ https://amredeemed.com/war-new-world-order-youngest-world-leader-bans-george-soross-foundations-austria/ http://kenyaconfidential.com/2017/10/26/youngest-world-leader-sounds-global-alarm-posed-by-george-soross-open-society-foundation/ https://www.goodtoseo.com/george-soross-open-society-foundation-banned-in-austria-by-youngest-world-leader-is-false/
politifact,www.newsweek.com/president-donald-trump-kim-jong-un-nobel-peace-prize-north-korea-south-korea-905146,
politifact,www.usacarry.com/forums/politics-and-news/63339-chuck-schumer-s-steamy-affair-high-school-cheerleader-confirmed.html,
politifact,http://www.neonnettle.com/videos/473-doctors-who-discovered-cancer-enzymes-in-vaccines-all-found-murdered,
politifact,http://twentyeightmay.pw/kurt-russel-just-showed-overpaid-celebs-its-time-to-shut-up-about-trump-hits-them-where-it-hurts/,https://rightwing.news/kurt-russel-just-showed-overpaid-celebs-its-time-to-shut-up-about-trump-hits-them-where-it-hurts/ https://psrepublic.com/kurt-russel-just-showed-overpaid-celebs-its-time-to-shut-up-about-trump-hits-them-where-it-hurts/
politifact,http://www.fox5dc.com/news/local-news/254852337-story,https://www.snopes.com/news/2018/06/01/fox-news-seth-rich-conspiracy-theory/ https://www.ktvu.com/news/familys-private-investigator-there-is-evidence-seth-rich-had-contact-with-wikileaks-prior-to-death
politifact,https://web.archive.org/web/20170415165124/http://thenewyorkevening.com:80/2017/04/10/breaking-malia-obama-expelled-harvard,https://bangaloremirror.indiatimes.com/bangalore/others/fake-news-buster-malia-obama-expelled-from-harvard/articleshow/58133661.cms https://www.snopes.com/fact-check/malia-obama-expelled-harvard/ https://eurweb.com/2017/04/11/malia-obama-expelled-from-harvard-eurweb-snopes-set-the-record-straight/
politifact,http://archive.is/DQqCx,https://www.snopes.com/fact-check/elector-suicide/
politifact,https://newstarget.com/2016-02-23-usda-approves-slaughterhouses-producing-horse-meat-for-human-consumption.html,https://wearechange.org/usda-approves-slaughterhouses-producing-horse-meat-for-human-consumption/ https://healthcomesfirst.net/usda-approves-slaughterhouses-producing-horse-meat-for-human-consumption/ https://www.yelp.com/topic/inglewood-usda-approves-horse-slaughterhouse-to-produce-meat-for-human-consumption
politifact,https://web.archive.org/web/20170314174618/http://wbn12.com/rosenberg-tx/new-star-wars-movie-filming-near-rosenberg-texas-large-number-of-extras-needed/,
politifact,https://web.archive.org/web/20180210020716/http://www.delta-flying.info:80/?,
politifact,http://www.breitbart.com/california/2017/10/17/ice-detainer-issued-for-suspected-wine-country-arsonist-in-sonoma-jail/,https://www.breitbart.com/local/2017/10/17/ice-detainer-issued-for-suspected-wine-country-arsonist-in-sonoma-jail/ https://www.amren.com/news/2017/10/ice-detainer-issued-suspected-wine-country-arsonist-sonoma-jail/ http://www.agenda21radio.news/2017/10/16/ice-detainer-issued-for-suspected-wine-country-arsonist-in-sonoma-jail/ https://www.infowars.com/ice-detainer-issued-for-suspected-wine-country-arsonist-in-sonoma-jail/ https://csnbbs.com/post-14686379.html
politifact,genius.com/discussions/219349-Donald-trump-protester-speaks-out-i-was-paid-s3500-to-protest-trumps-rally,https://genius.com/discussions/219349-Donald-trump-protester-speaks-out-i-was-paid-s3500-to-protest-trumps-rally
politifact,https://theglobalheadlines.net/breaking-intel-officer-reveals-obama-could-be-first-president-in-history-to-be-hit-with-a-felony-indictment-2/,
politifact,https://web.archive.org/web/20170914182404/http://freedumjunkshun.com:80/mar-a-lago-is-missing-after-kushner-destroyed/,
politifact,www.newsweek.com/obama-not-trump-may-be-invited-royal-wedding-prince-harry-and-meghan-markle-722899,
politifact,http://www.whathappensintheusa.com/trey-gowdy-breaks-his-silence-after-2-of-his-investigators-are-found-tortured-and-killed/,https://blog.ebulkemailmarketing.com/trey-gowdy-breaking-silence-after-2-investigators-are-killed-in-hillary-clinton-investigation-is-fake-news/
politifact,www.thesun.co.uk/news/5999912/buzz-aldrin-ufo-lie-detector-test-alien-life-exists-convinced/,https://www.thesun.co.uk/news/5999912/buzz-aldrin-ufo-lie-detector-test-alien-life-exists-convinced/
politifact,https://medium.com/@bobcrane_55517/breaking-news-fbi-uncovers-evidence-that-62-million-trump-voters-are-all-russian-agents-bc33994a4286,https://medium.com/@bobcrane_55517/breaking-news-fbi-uncovers-evidence-that-62-million-trump-voters-are-all-russian-agents-bc33994a4286 https://warsclerotic.com/2017/04/10/satire-breaking-news-fbi-uncovers-evidence-that-62-million-trump-voters-are-all-russian-agents/ https://www.politifact.com/factchecks/2017/may/17/blog-posting/fake-story-about-trump-voters-being-russian-agents/ https://www.pinterest.at/amp/pin/652247958503692719/ https://floridapolitics.com/archives/238355-scott-plakon-shares-facebook-post-neo-nazi-site-insists-no-idea https://imgur.com/r/the_donald/mLkGG5Z https://www.snopes.com/fact-check/trump-voters-russian-agents/ https://www.yellowbullet.com/threads/breaking-news-fbi-uncovers-evidence-that-62-million-trump-voters-are-russian-agents.2252810/
politifact,http://www.cvikas.com/2018/05/22/usa-mysterious-nazi-submarine-from-wwii-discovered-in-great-lakes/,http://worldnewsdailyreport.com/usa-mysterious-nazi-submarine-from-wwii-discovered-in-great-lakes/comment-page-26/ https://www.onepoliticalplaza.com/t-65149-1.html https://wittheshit.com/usa-mysterious-nazi-submarine-from-wwii-discovered-in-great-lakes/ https://www.snopes.com/fact-check/nazi-sub-found-in-great-lakes/ https://jayseaarchaeology.wordpress.com/2017/01/15/the-shipwreck-that-never-was-the-ux-791-and-great-lakes-maritime-history/
politifact,https://me.me/i/laguna-beach-antifa-lagbeachantifa9-22m-david-hogg-didnt-attend-parkland-20703986,
politifact,http://www.empiresports.co/colorado-rockies-baseball-team-to-sell-marijuana-brownies-at-their-concession-stands/,https://empiresports.co/colorado-rockies-baseball-team-to-sell-marijuana-brownies-at-their-concession-stands/ http://thehollowearthinsider.com/archives/21646 https://empirenews.net/colorado-rockies-to-begin-selling-pot-brownies-at-stadium-next-season/ https://m.facebook.com/DoseNation/posts/250340605145870 https://www.snopes.com/fact-check/rockies-selling-pot-brownies-at-coors-field/ https://www.theepochtimes.com/colorado-rockies-baseball-team-to-sell-marijuana-brownies-at-their-concession-stands-is-fake_540130.html https://www.wlup.com/2016/03/21/colorado-rockies-baseball-team-to-sell-marijuana-brownies/ https://www.thespoof.com/spoof-news/sport/119412/the-colorado-rockies-baseball-team-to-sell-marijuana-brownies-at-their-concession-stands
politifact,https://mainerepublicemailalert.com/2017/06/24/breaking-johnny-depp-taken-into-custody-by-secret-service/,
politifact,http://americannews.com/busted-nasa-accidentally-destroys-every-climate-change-advocate-exposing-massive-truth-behind-antartica/,
politifact,https://web.archive.org/web/20180531145141/http://potus-press.com/2018/05/31/fox-network-picks-up-roseanne-saying-it-has-no-problem-with-occasional-racism-the-newly-press-news-network/,
politifact,daily-vine.com/cnn-pulls-plug/,
politifact,https://web.archive.org/web/20170508145802/http://americanflavor.news:80/2017/05/02/just-barack-obama-arrested-japanese-drug-bust,
politifact,https://washingtonpress.com/2018/06/25/a-trump-fan-was-just-charged-with-trying-to-murder-maxine-waters-on-same-day-trump-threatened-her/,https://washingtonpress.com/2018/06/25/a-trump-fan-was-just-charged-with-trying-to-murder-maxine-waters-on-same-day-trump-threatened-her-3/
politifact,https://web.archive.org/web/20170412155326/http://southernconservativextra.com:80/thall/texas-law-enforcement-officer-fatally-shot-upon-arriving-for-work-by-3-muslim-refugee-do-you-support-to-deport-them,
politifact,https://yournewswire.com/anthony-bourdain-killed-clinton-operatives/,https://prophecynewsheavensoon.wordpress.com/2018/06/11/investigators-anthony-bourdain-was-killed-by-clinton-operatives/ https://nworeport.me/2018/06/12/investigators-anthony-bourdain-was-killed-by-clinton-operatives/ http://elgibborsms.com/blog/anthony-bourdain-killed-by-hillary-clinton-operatives-for-trying-to-expose-elite-pedophile-ring-is-false/ https://www.snopes.com/fact-check/anthony-bourdain-killed-by-clinton-operatives/
politifact,me.me/i/actress-sandra-bullock-to-hillary-clinton-if-you-dont-like-19509139,https://me.me/i/actress-sandra-bullock-to-hillary-clinton-if-you-dont-like-19508747
politifact,http://conservativetown.com/index.php/2018/05/13/actor-brad-pitt-trump-not-president-no-future/,
politifact,http://actionnews3.com/legendary-actor-kirk-douglas-dead-age-100/,https://masscentral.com/legendary-actor-kirk-douglas-dead-4-days-before-his-101st-birthday/ https://www.thatsnonsense.com/actor-kirk-douglas-dead-4-days-101st-birthday-fake-news/ https://leadstories.com/hoax-alert/2017/12/fake-news-legendary-actor-kirk-douglas-not-dead-4-days-before-his-101st-birthday.html
politifact,https://web.archive.org/web/20170619144927/http://breakingtop.world:80/2017/06/15/libtard-hero-al-franken-forced-resign-disgrace,
politifact,http://www.breakingnews365.net/59f509292adf6/alabama-football-crimson-tide-disqualified-from-national-championship.html,http://www.breakingnews365.net/59f509292adf6/alabama-football-crimson-tide-disqualified-from-national-championship.html
politifact,https://howafrica.com/oscar-pistorius-attempts-commit-suicide/,
politifact,https://web.archive.org/web/20170809163245/http://americantoday.us:80/2017/08/06/breaking-barron-trump-rushed-hospital-hospital-releases-statement-condition/,
politifact,https://web.archive.org/web/20171114110855/http://www.soutwest-air.com:80/?,
politifact,http://www.trainnews.info/2018/01/rep-paul-gosar-asks-capitol-police-to.html,
politifact,https://web.archive.org/web/20170629142109/http://stgeorgegazette.com:80/trump-plans-to-resign-within-30-days,https://stgeorgegazette.com/trump-plans-to-resign-within-30-days/
politifact,https://www.conservativestories.com/2018/05/21/just-john-kerry-facing-prison/,https://www.politifact.com/factchecks/2018/may/24/conservative-stories/there-no-evidence-john-kerry-headed-prison/
politifact,https://yournewswire.com/cnn-ratings-plunge-30-percent/,https://worldconspiraciesnews.blogspot.com/2018/06/cnn-to-permanently-close-its-doors-as.html http://directoryofus.com/ash/index.php/breaking-cnn-raided-by-fcc-for-deceiving-american-publicmight-shut-down-cnn-suffers-35-percent-plunge-as-viewers-switch-off-in-droves-of/
politifact,https://web.archive.org/web/20170616181605/http://freedomcrossroads.us/nancy-pelosi-suffers-breakdown-taken-from-capitol-hill-on-a-stretcher/,
politifact,http://obama.trendolizer.com/2018/02/michelle-obama-florida-shooting-is-clearly-trumps-fault-these-shootings-are-happening-constantly-sin.html,http://obama.trendolizer.com/2018/02/michelle-obama-florida-shooting-is-clearly-trumps-fault-these-shootings-are-happening-constantly-sin.html
politifact,https://yournewswire.com/irma-destroy-new-york-city/,https://newspunch.com/irma-destroy-new-york-city/ https://www.politifact.com/factchecks/2017/sep/07/blog-posting/no-irma-isnt-predicted-destroy-new-york-city/
politifact,https://web.archive.org/web/20170527174400/http://uspoln.com:80/2017/05/20/trumps-top-scientist-pick-scientists-just-dumb-regular-people-think-dinosaurs-existed-earth-getting-warmer,https://newslo.com/trumps-top-scientist-pick-scientists-just-dumb-regular-people-think-dinosaurs-existed-earth-getting-warmer/ https://www.politifact.com/factchecks/2017/jun/06/uspoln/no-trumps-reported-pick-usda-chief-scientist-did-n/
politifact,https://sentinelksmo.org/breaking-greitens-accuser-admits-photo-session-may-dream/,https://proturm7.blogspot.com/2018/04/mo-governors-accuser-now-admits-alleged.html
politifact,https://web.archive.org/web/20180424000839/http://redstatewave.com/article.asp?id=124965,
politifact,https://web.archive.org/web/20180424001608/http://nytimes-news.com/archbishop-desmond-tutu-dies-while-holidaying-in-texas/,https://www.tert.am/en/news/2019/09/25/royal-family/3102209
politifact,thenationalmarijuananews.com/jimmy-carter-medical-marijuana-cured-my-cancer/,http://www.greenpassion.org/topic/37169-jimmy-carter-%E2%80%9Cmedical-marijuana-cured-my-cancer%E2%80%9D/ https://www.snopes.com/fact-check/jimmy-carters-cancer-cured-marijuana/
politifact,https://web.archive.org/web/20170721054810/http://dailysidnews.com/kim-jong-un-dead-north-koreans-calling-trump-an-assassin/,https://www.politifact.com/factchecks/2017/jul/20/blog-posting/its-fake-news-american-killed-north-koreas-leader-/
politifact,polls.trendolizer.com/2017/12/alabama-state-police-arrest-3-poll-workers-in-birmingham.html,http://conspiracy.trendolizer.com/2017/12/alabama-state-police-arrest-3-poll-workers-in-birmingham.html
politifact,newsfeedobserver.com/2-million-rounds-of-ammo-that-went-missing-under-obama-turns-up-in-enemy-hands/,
politifact,https://www.zerohedge.com/news/2016-07-02/un-official-accidentally-crushes-own-throat-right-testifying-against-hillary-clinton,https://www.zerohedge.com/news/2016-07-02/un-official-accidentally-crushes-own-throat-right-testifying-against-hillary-clinton https://www.spartareport.com/2016/07/un-official-accidentally-crushes-throat-dies/ https://flyingcuttlefish.wordpress.com/2016/07/03/u-n-official/ https://www.flickr.com/photos/tags/Chevrolet%20Used%20Cars%20For%20Sale%20Under%204000/
politifact,https://the-fringe.com/thread-civil_war_erupts_in_sweden_as_irate_swedes_burn_nine_muslim_refugee_centers_to_the_ground,
politifact,dailybuzzlive.com/cannibals-arrested-florida/,https://www.politifact.com/punditfact/statements/2017/jun/20/miami-gazette/report-cannibals-arrested-florida-fake-news/ https://www.twoeggz.com/int/6039218.html https://www.snopes.com/fact-check/cannibals-arrested-florida/
politifact,our.news/2017/09/10/breaking-clinton-foundations-sends-water-to-houstonfor-7-a-bottle/,https://our.news/2017/09/10/breaking-clinton-foundations-sends-water-to-houstonfor-7-a-bottle/#! https://www.politifact.com/factchecks/2017/sep/06/ourlandofthefreecom/no-clinton-foundation-not-charging-7-water-bottle-/
politifact,www.cnn.com/2017/09/13/politics/susan-rice-house-investigators-unmasked-trump-officials/index.html,https://edition.cnn.com/2017/09/13/politics/susan-rice-house-investigators-unmasked-trump-officials/index.html https://www.dailymail.co.uk/news/article-4882138/Rice-ADMITS-unmasking-Trump-officials-UAE-meeting.html
politifact,https://conservativedailypost.com/us-representatives-promise-implement-of-un-gun-control-plans/,https://conservativedailypost.com/us-representatives-promise-implement-of-un-gun-control-plans/ https://www.politifact.com/factchecks/2018/jul/10/blog-posting/conservative-website-wrong-purpose-effects-un-conf/
politifact,https://www.fda.gov/NewsEvents/Newsroom/PressAnnouncements/ucm598317.htm,https://www.fda.gov/news-events/press-announcements/statement-fda-commissioner-scott-gottlieb-md-fdas-ongoing-efforts-help-improve-effectiveness
politifact,unofficialnetworks.com/2016/09/21/man-loses-his-testicles-after-attempting-to-smoke-weed-through-a-scuba-tank/,https://unofficialnetworks.com/2016/09/21/man-loses-his-testicles-after-attempting-to-smoke-weed-through-a-scuba-tank/
politifact,http://majorthoughts.com/chines-restaurant-in-coral-spring-florida-got-busted-for-selling-dog-meat-as-special-menu/,
politifact,http://freeinfomedia.com/breaking-supreme-court-issues-first-bench-warrant-ever/,
politifact,http://now8news.com/united-airlines-flight-attendant-slaps-crying-baby/,https://www.snopes.com/fact-check/united-airlines-baby-slap/ http://now8news.com/united-airlines-flight-attendant-slaps-crying-baby/
politifact,https://www.washingtonpost.com/news/post-politics/wp/2015/11/25/first-family-visits-d-c-shelter-highlights-homeless-veterans-plight/?utm_term=.04f89ee3f9b4,https://www.washingtonpost.com/news/post-politics/wp/2015/11/25/first-family-visits-d-c-shelter-highlights-homeless-veterans-plight/
politifact,https://www.cpsc.gov/Recalls/2017/target-recalls-water-absorbing-toys,https://www.cpsc.gov/Recalls/2017/target-recalls-water-absorbing-toys
politifact,http://disaster.trendolizer.com/2017/09/update-florida-governor-rick-scott-now-listed-as-critical-after-bizarre-hurricane-cleanup-accident.html,
